{"userIDhere":0,"718186519860346963bait":1000,"586253190136332298bait":159,"781688954994688031bait":0,"718186519860346963cas":6022.183424241666,"586253190136332298cas":256.081817004954,"781688954994688031cas":0,"718186519860346963rod":146936.79385278592,"586253190136332298rod":2646.9779601696882,"739370299857961011rod":10,"739370299857961011bait":0,"739370299857961011cas":0,"802846743049404426rod":10,"802846743049404426bait":0,"802846743049404426cas":0.39,"718186519860346963gold":3827.0660248386307,"709804903358398464rod":10,"709804903358398464gold":0,"709804903358398464bait":0,"709804903358398464cas":0,"809950874079723591rod":10,"809950874079723591gold":0,"809950874079723591bait":0,"809950874079723591cas":0.24,"774000240042180628rod":10,"774000240042180628gold":0,"774000240042180628bait":0,"774000240042180628cas":0,"718186519860346963upgr1":1,"568088628107018251rod":10,"568088628107018251gold":0,"568088628107018251bait":0,"568088628107018251upgr1":0,"568088628107018251cas":0,"802846743049404426gold":0,"802846743049404426upgr1":0,"586253190136332298gold":6.773653683353828,"586253190136332298upgr1":0,"835472665300303902maxWarn":"0","809395534024409128rod":8156630.584998157,"809395534024409128gold":450667.8409358631,"809395534024409128bait":1000,"809395534024409128upgr1":1,"809395534024409128cas":15889974.502857085,"835472665300303902user718186519860346963WARN":101,"835472665300303902bfilt":1,"834011380679573544maxWarn":0,"834011380679573544bfilt":0,"828013666414362634maxWarn":"2","828013666414362634bfilt":0,"828013666414362634user718186519860346963WARN":2,"774000240042180628upgr1":0,"574061460523581441rod":10,"574061460523581441gold":0,"574061460523581441bait":0,"574061460523581441upgr1":0,"574061460523581441cas":0,"781688954994688031rod":10,"781688954994688031gold":0,"781688954994688031upgr1":0,"743527111096270888rod":10,"743527111096270888gold":0,"743527111096270888bait":0,"743527111096270888upgr1":0,"743527111096270888cas":0,"828013666414362634user774000240042180628WARN":2,"836597788153348116rod":10,"836597788153348116gold":0,"836597788153348116bait":0,"836597788153348116upgr1":0,"836597788153348116cas":0,"830460881786765312maxWarn":0,"830460881786765312bfilt":0,"807371899972616202maxWarn":0,"807371899972616202bfilt":0,"792459188714471484maxWarn":0,"792459188714471484bfilt":0,"835472665300303902user586253190136332298WARN":0,"572345485923319818rod":1084.2021724855044,"572345485923319818gold":22.539759227318473,"572345485923319818bait":637,"572345485923319818upgr1":0,"572345485923319818cas":10222.968357543486,"800019062096265237maxWarn":0,"800019062096265237bfilt":0,"572345485923319818pick":7.715610000000002,"718186519860346963pick":526980.0745017141,"809395534024409128pick":24350875.409881055,"586253190136332298pick":222.2515441988785,"718186519860346963upgr2":1,"572345485923319818upgr2":0,"809395534024409128upgr2":1,"797431924955938867maxWarn":0,"797431924955938867bfilt":0}